customer_id,customer_name,email,registration_date,customer_type
C00001,Aryan Maharaj,udantdewan@example.net,2023-12-19,REGULAR
C00002,Pahal Balay,chandertejas@example.org,2025-09-05,REGULAR
C00003,Rushil Saini,saumyamall@example.org,2024-03-17,REGULAR
C00004,Harini Mall,tanveernayar@example.org,2023-12-04,REGULAR
C00005,Gunbir Parmer,aishani07@example.net,2024-01-22,REGULAR
C00006,Farhan Memon,rehaan10@example.net,2024-07-01,REGULAR
C00007,Fariq Kaul,raiarunima@example.com,2026-03-26,REGULAR
C00008,Nicholas Prabhakar,shaurya41@example.net,2026-03-25,REGULAR
C00009,Yash Gade,rraghavan@example.net,2025-11-24,REGULAR
C00010,Ekta Bhalla,azadmutti@example.com,2024-08-31,REGULAR
C00011,Siddharth Murty,xalakrandhawa@example.net,2025-06-24,REGULAR
C00012,Alka Dewan,adyasangha@example.net,2025-03-24,REGULAR
C00013,Theodore Devi,wchand@example.org,2023-12-30,REGULAR
C00014,Nathaniel Sami,rajanlakshmi@example.net,2025-07-09,REGULAR
C00015,Advay Contractor,harini14@example.com,2024-03-14,REGULAR
C00016,Aarush Lall,yashicacherian@example.net,2024-10-18,PREMIUM
C00017,Michael Prakash,aadinaik@example.com,2023-08-12,VIP
C00018,Janani Mohanty,dalbirkhosla@example.net,2023-11-12,REGULAR
C00019,Vedika Biswas,kabirsoman@example.net,2024-03-25,REGULAR
C00020,Pallavi Kakar,devikarastogi@example.net,2026-04-17,REGULAR
C00021,Raksha Varughese,pdara@example.org,2023-10-20,REGULAR
C00022,Ansh Karpe,abhimanyubobal@example.net,2026-03-19,REGULAR
C00023,Veer Bir,narayananekavir@example.net,2024-07-16,REGULAR
C00024,Vedika Kala,urvashikibe@example.com,2025-04-05,REGULAR
C00025,Girindra Chatterjee,bpandya@example.com,2025-07-07,REGULAR
C00026,Guneet Bhat,znori@example.org,2024-08-02,REGULAR
C00027,Ranveer Yadav,bdey@example.org,2024-09-17,VIP
C00028,Zaid Borra,dchaudhari@example.net,2025-10-29,REGULAR
C00029,Girik Khalsa,niharikasunder@example.com,2024-06-09,PREMIUM
C00030,Daniel Gala,yagate@example.com,2025-06-18,REGULAR
C00031,Pallavi Sur,ranveerminhas@example.org,2023-10-11,REGULAR
C00032,Dipta Bhandari,soodyadavi@example.net,2024-03-13,REGULAR
C00033,Yashoda Buch,ekapadbir@example.net,2024-07-12,PREMIUM
C00034,Jagdish Koshy,bumboni@example.net,2026-01-04,REGULAR
C00035,Advika Jayaraman,william46@example.org,2026-05-21,REGULAR
C00036,Tanvi Mutti,andratara@example.net,2025-12-03,VIP
C00037,Ethan Yogi,yashawinilanka@example.org,2025-01-05,REGULAR
C00038,Yash Pingle,nakul78@example.net,2024-10-24,REGULAR
C00039,Chandani Chawla,aishanidalia@example.org,2025-11-18,REGULAR
C00040,Anita Manda,hemaljani@example.net,2026-03-24,REGULAR
C00041,Yashasvi Suresh,charan16@example.com,2023-09-19,REGULAR
C00042,Gauri De,neel78@example.net,2025-05-07,PREMIUM
C00043,Isaac Borra,balendrapingle@example.net,2025-11-17,REGULAR
C00044,Qushi Datta,morarjanya@example.org,2025-01-18,REGULAR
C00045,Zaid Chauhan,niharika92@example.org,2024-03-21,REGULAR
C00046,Nitara Bakshi,gaurangisabharwal@example.net,2024-08-01,REGULAR
C00047,Nathaniel Chokshi,ebarad@example.org,2024-05-18,REGULAR
C00048,Inaya Mody,udantbajwa@example.net,2024-05-08,REGULAR
C00049,Falguni Mallick,mallickindali@example.net,2025-09-11,REGULAR
C00050,Garima Bala,lalpranav@example.net,2024-08-28,PREMIUM
C00051,Ikbal Saraf,dipta69@,2024-01-08,REGULAR
C00052,Ranveer Kumar,sarinaarav@example.net,2025-10-26,REGULAR
C00053,Januja Sankar,narayanandipta@example.net,2024-01-22,REGULAR
C00054,Yashica More,znarain@example.net,2024-10-14,REGULAR
C00055,Rehaan Salvi,nghosh@example.net,2024-10-22,PREMIUM
C00056,Aadi Modi,shivansh69@example.net,2026-04-25,REGULAR
C00057,Udyati Sathe,gkala@example.com,2024-04-01,VIP
C00058,Bhanumati Varma,girik34@example.org,2024-05-17,REGULAR
C00059,Aryan Batra,vaishnavibora@example.com,2025-04-16,REGULAR
C00060,Leena Talwar,jkohli@example.net,2023-07-21,PREMIUM
C00061,Pavani Kanda,zarnashetty@example.org,2025-11-24,PREMIUM
C00062,Jairaj Shan,ucchalwali@example.net,2026-01-23,REGULAR
C00063,Saanvi Thaman,ksehgal@example.net,2025-07-19,REGULAR
C00064,Aashi Kota,vedhika34@example.com,2023-11-10,PREMIUM
C00065,Wahab Magar,ekaja81@example.org,2024-03-03,REGULAR
C00066,Leela Dua,devanshsachdeva@example.com,2024-12-08,PREMIUM
C00067,Ojasvi Bhatia,osharamachandran@example.net,2023-08-12,REGULAR
C00068,Vansha Ahuja,chanchal66@example.net,2025-11-07,REGULAR
C00069,Vinaya Kanda,rajata70@example.com,2024-12-16,PREMIUM
C00070,Noah Sibal,aviramesh@example.net,2025-12-05,REGULAR
C00071,Fiyaz Sangha,triyagopal@example.org,2024-08-20,REGULAR
C00072,Falak Kakar,vnarain@example.com,2024-09-17,REGULAR
C00073,Zayyan Bumb,vbahl@example.net,2023-10-01,REGULAR
C00074,Udarsh Biswas,balasubramanianyug@example.org,2023-08-13,REGULAR
C00075,William Date,kcontractor@example.org,2025-07-04,VIP
C00076,Jyoti Ganesh,gadedeepa@example.org,2025-12-27,REGULAR
C00077,Devika Prashad,eissac@example.net,2026-03-13,REGULAR
C00078,Harsh Mitra,barmanidika@example.net,2025-05-08,REGULAR
C00079,Ekapad Toor,advik67@example.org,2025-05-16,REGULAR
C00080,Tripti Dua,ugoda@example.net,2026-04-18,REGULAR
C00081,Veda Shroff,uloyal@example.org,2023-11-24,REGULAR
C00082,Shravya Kohli,vraghavan@example.org,2025-08-18,PREMIUM
C00083,Qabil Sura,ishakuruvilla@example.com,2024-09-19,REGULAR
C00084,Advaith Varughese,frederickkhurana@example.net,2025-04-04,REGULAR
C00085,Wridesh Soni,ysem@example.org,2023-12-04,VIP
C00086,Timothy Ravel,daminipillay@example.com,2025-11-18,REGULAR
C00087,Pavani Narayanan,sudiksha44@example.com,2024-07-05,PREMIUM
C00088,Reyansh Mutti,wasonqasim@example.org,2024-06-13,REGULAR
C00089,Aradhana Vohra,harish34@example.org,2025-01-23,REGULAR
C00090,Chasmum Atwal,anushabath@example.org,2025-11-18,PREMIUM
C00091,Jonathan Swaminathan,arorabhavani@example.com,2025-07-25,VIP
C00092,Harini Gour,krishnanvanya@example.org,2023-10-22,REGULAR
C00093,Vyanjana Borah,doshimanthan@example.net,2024-10-26,PREMIUM
C00094,Yuvraj Dani,xkara@example.net,2025-02-22,REGULAR
C00095,Saanvi Mishra,kmody@example.net,2023-10-14,REGULAR
C00096,Sarthak Kakar,finn23@example.org,2025-11-16,REGULAR
C00097,Naksh Agate,sseshadri@example.net,2025-07-11,REGULAR
C00098,Bachittar Kata,barkha71@example.net,2024-07-09,REGULAR
C00099,Rudra Sandal,karmanthan@example.com,2024-02-18,VIP
C00100,Darpan Gandhi,bhavya71@example.com,2024-10-27,VIP
C00101,Anita Tella,fsarma@example.net,2023-09-12,PREMIUM
C00102,Ekantika Krishna,chandveer@example.net,2025-12-22,REGULAR
C00103,Amruta Baria,upmavenkataraman@example.net,2025-05-29,REGULAR
C00104,Pratyush Sarin,echand@example.com,2025-04-07,REGULAR
C00105,Ekani Cheema,forumsabharwal@example.net,2025-08-20,REGULAR
C00106,Nandini Bansal,uchakrabarti@example.com,2024-11-26,REGULAR
C00107,Netra Varkey,shereodika@example.org,2024-04-29,VIP
C00108,Wishi Sathe,janiamara@example.net,2024-02-01,REGULAR
C00109,Raksha Sundaram,balakrishnanwriddhish@example.net,2024-03-15,REGULAR
C00110,Akshay Reddy,karishaan@example.com,2024-01-11,VIP
C00111,Wishi Manne,ojasvi77@example.org,2025-06-21,REGULAR
C00112,Leela Halder,ekarajmajumdar@example.com,2024-12-21,REGULAR
C00113,Aarnav Mandal,vrishti27@example.net,2025-08-03,REGULAR
C00114,Gaurangi Purohit,mnagy@example.net,2024-07-17,REGULAR
C00115,Vivaan Roy,nadkarniurvashi@example.net,2025-02-24,REGULAR
C00116,Max Tandon,dateyadavi@example.net,2024-12-09,REGULAR
C00117,Ria Chaudhry,uaurora@example.org,2025-04-09,REGULAR
C00118,Falan Singh,hamsini96@example.net,2023-11-14,PREMIUM
C00119,Lajita Nadig,nbanik@example.org,2024-07-11,REGULAR
C00120,Utkarsh Chana,wchaudhari@example.net,2023-12-16,REGULAR
C00121,Ojas Mistry,batraekta@example.org,2024-10-10,REGULAR
C00122,Kavya Sankar,yashwali@example.com,2025-12-08,REGULAR
C00123,Onkar Gill,rajawridesh@example.com,2026-01-03,REGULAR
C00124,Vincent Shenoy,tripti40@example.com,2024-10-01,REGULAR
C00125,Ethan Sathe,chandani64@example.com,2024-10-24,REGULAR
C00126,Leena Subramanian,khalsalakshmi@example.net,2025-01-20,REGULAR
C00127,Chakrika Bains,amaharaj@example.net,2026-06-12,VIP
C00128,Watika Mangat,indirakanda@example.net,2024-05-03,REGULAR
C00129,Laksh Chatterjee,moreridhi@example.org,2025-12-29,REGULAR
C00130,Karan Chana,eta62@example.org,2024-02-03,PREMIUM
C00131,Yachana Mahajan,aarinisubramaniam@example.com,2024-12-20,REGULAR
C00132,Upadhriti Borra,upkaarranganathan@example.net,2025-01-31,PREMIUM
C00133,Megha Atwal,jatin75@example.net,2026-05-22,REGULAR
C00134,Lakshmi Prabhu,kaururishilla@example.org,2026-03-01,REGULAR
C00135,Timothy Bhatnagar,pmittal@,2024-01-10,REGULAR
C00136,Chakradev Barad,waida11@example.org,2025-10-25,VIP
C00137,Lipika Setty,oni92@example.com,2026-04-25,REGULAR
C00138,Vrishti Reddy,bachittar53@example.com,2025-06-02,REGULAR
C00139,Janani Chaudhary,jagrati06@example.com,2024-05-02,REGULAR
C00140,Suhani Chand,anshbedi@example.com,2024-07-25,REGULAR
C00141,Samesh Biswas,tarakkaul@example.com,2024-02-27,REGULAR
C00142,Aradhana Dhillon,zashilghosh@example.org,2026-05-04,VIP
C00143,Karan Aurora,wazir95@example.org,2024-04-08,REGULAR
C00144,Charles Date,hvora@example.net,2023-10-19,REGULAR
C00145,Saumya Pathak,sethyahvi@,2026-02-22,REGULAR
C00146,Charvi Shanker,bhatvarenya@example.com,2025-05-05,PREMIUM
C00147,Vritti Sawhney,buchekanta@example.net,2024-02-28,REGULAR
C00148,Jonathan Maharaj,lakshmi98example.com,2025-06-16,PREMIUM
C00149,Hardik Contractor,qushiseth@example.org,2025-04-15,REGULAR
C00150,Sudiksha Rastogi,uchandran@example.com,2024-11-09,REGULAR
C00151,Kavya Dua,fbhavsar@example.org,2023-12-04,REGULAR
C00152,Gopal Pradhan,darpannarayan@example.net,2024-01-18,PREMIUM
C00153,Irya Sampath,manidevika@example.com,2023-12-20,PREMIUM
C00154,Mohammed Subramaniam,hritikpalla@example.net,2025-02-02,REGULAR
C00155,Arya Kara,mbal@example.net,2024-08-31,REGULAR
C00156,Pranit Mahajan,harinakshi50@example.org,2024-02-20,PREMIUM
C00157,Ekaraj Dhar,chandtanveer@example.com,2025-04-25,REGULAR
C00158,Harita Dugar,devika59@example.net,2023-11-21,VIP
C00159,Nachiket Dugar,bumbanita@example.com,2026-05-06,VIP
C00160,Vedika Sathe,nmahajan@example.net,2024-01-05,PREMIUM
C00161,Qushi Choudhry,vidhi84@example.org,2024-06-19,PREMIUM
C00162,Christopher Amble,charvikakar@example.org,2024-08-12,VIP
C00163,Falak Dar,tankqushi@example.org,2024-01-29,PREMIUM
C00164,Victor Tella,ekbal60@example.com,2023-08-11,REGULAR
C00165,Faras Munshi,travel@example.net,2025-04-21,REGULAR
C00166,Ishwar Ravel,naironveer@example.net,2025-06-26,PREMIUM
C00167,Gaurang Sarkar,kohlirajata@example.net,2025-03-26,PREMIUM
C00168,Meghana Mukherjee,timothy52@example.org,2025-09-13,REGULAR
C00169,Yashvi Hari,indali23@example.org,2024-02-25,REGULAR
C00170,Rudra Ghose,faqidgoel@example.net,2025-08-18,REGULAR
C00171,Saumya Naidu,matthew71@example.com,2025-05-29,PREMIUM
C00172,Anvi Bhalla,yashica14@example.com,2025-06-14,REGULAR
C00173,Dakshesh Pillay,faraj19@example.net,2025-09-07,REGULAR
C00174,Turvi Barman,uguha@example.net,2025-07-20,REGULAR
C00175,David Seshadri,ozafrado@example.net,2026-04-11,REGULAR
C00176,Balveer Kota,hsarna@example.net,2026-02-14,REGULAR
C00177,Januja Pradhan,lila65@example.net,2026-01-26,REGULAR
C00178,Gaurika Bhatti,girindra86@example.com,2024-08-07,REGULAR
C00179,Gauri Bumb,inayamukherjee@example.net,2026-05-06,REGULAR
C00180,Kai Chad,krisha52@example.net,2026-06-11,REGULAR
C00181,Pallavi Trivedi,andrew54@example.org,2024-06-09,REGULAR
C00182,Vedika Handa,lakshdubey@example.org,2024-10-14,PREMIUM
C00183,Yashica Zacharia,nayarkaran@,2025-02-17,REGULAR
C00184,Nicholas Golla,rakshabassi@example.com,2025-01-28,PREMIUM
C00185,Sachi Mane,ikaur@example.org,2024-11-04,REGULAR
C00186,Rishi Pillai,xshenoy@example.com,2025-02-25,REGULAR
C00187,Neel Iyengar,zashilben@example.net,2025-07-28,REGULAR
C00188,Harshil Varty,manefiyaz@example.org,2024-09-08,PREMIUM
C00189,Yochana Din,ochand@example.com,2025-01-06,REGULAR
C00190,Oeshi Bera,xthakkar@example.org,2025-03-03,REGULAR
C00191,Kavya Kapur,nagarhardik@example.net,2026-04-17,REGULAR
C00192,Madhav Devan,mangaturmi@example.net,2024-02-13,VIP
C00193,Saumya Ahluwalia,bahlaahana@example.org,2024-03-01,VIP
C00194,Indrajit Mani,charvidara@example.org,2024-07-17,REGULAR
C00195,Tanvi Bhatnagar,tataamol@example.net,2025-09-20,REGULAR
C00196,Maanas Manne,nagarwal@example.com,2024-07-20,REGULAR
C00197,Rachit Chada,ekansh88@example.net,2025-09-08,REGULAR
C00198,Madhavi Singhal,ramkashvi@example.com,2023-08-07,REGULAR
C00199,Ekansh Pai,hemangnatarajan@example.org,2023-09-19,REGULAR
C00200,Hamsini Gill,osrinivas@example.org,2024-02-07,PREMIUM
C00201,Tanvi Bansal,saksham03@example.org,2024-11-14,REGULAR
C00202,Yutika Rao,ckulkarni@example.net,2024-05-04,REGULAR
C00203,Ishanvi Batta,anjali15@example.com,2025-03-25,PREMIUM
C00204,Libni Nori,watikatank@example.com,2025-09-26,REGULAR
C00205,Fitan Samra,sanipranit@example.net,2024-10-11,REGULAR
C00206,Harshil Buch,chakrika47@example.net,2025-05-04,REGULAR
C00207,Sachi Panchal,ubasak@example.com,2026-02-22,PREMIUM
C00208,Anvi Bhandari,ravijanuja@example.net,2026-06-02,REGULAR
C00209,Azaan Dhar,ibanerjee@example.org,2024-07-13,REGULAR
C00210,Janaki Rajagopal,dubeshivani@example.com,2025-02-09,REGULAR
C00211,Faraj Devan,mitali54@example.org,2024-01-05,REGULAR
C00212,Quincy Tata,qdalal@,2025-06-05,PREMIUM
C00213,Bhavika Swaminathan,jasondeshmukh@example.org,2025-06-14,REGULAR
C00214,Sai Chahal,idika18@example.net,2024-10-06,VIP
C00215,Nakul Ghosh,yashoda31@example.org,2024-02-13,REGULAR
C00216,Wakeeta Bal,jyoti78@example.org,2026-02-17,PREMIUM
C00217,Dominic More,hsrinivas@example.com,2025-04-09,PREMIUM
C00218,Jeremiah Nadig,senguptaunnati@example.net,2025-09-23,VIP
C00219,Kabir Gopal,rachitathakkar@example.org,2024-01-21,VIP
C00220,Daksha Gala,ekantikakar@example.com,2025-09-26,REGULAR
C00221,Farhan Krishna,anvidass@example.net,2024-10-25,REGULAR
C00222,Yadavi Ganguly,onveernazareth@example.net,2023-09-14,REGULAR
C00223,Finn Bath,shivansh96@example.net,2026-03-31,PREMIUM
C00224,Widisha Mann,vasudha36@example.com,2025-06-16,REGULAR
C00225,Darpan Dugar,esagar@example.com,2024-05-24,REGULAR
C00226,Maanas Munshi,hemani62@example.com,2025-09-19,REGULAR
C00227,Eiravati Khurana,rdas@example.com,2024-08-01,REGULAR
C00228,Gunbir Bedi,leena96@example.org,2024-03-17,REGULAR
C00229,Dhriti Gupta,wishivarma@example.com,2025-08-25,REGULAR
C00230,Widisha Bajaj,ramaswamyyashasvi@example.com,2024-07-20,REGULAR
C00231,Ira Bava,mandawarda@example.net,2026-04-24,REGULAR
C00232,Bhavika Yadav,chokshiraagini@example.org,2024-08-26,REGULAR
C00233,Neha Pau,rattancharan@example.net,2025-12-01,REGULAR
C00234,Janani Mani,rajuyamini@example.com,2025-11-13,REGULAR
C00235,Jagat Dave,rameshkashvi@example.com,2025-11-25,VIP
C00236,Maanas Issac,ctella@example.org,2023-09-11,REGULAR
C00237,Gauri Som,mdixit@example.net,2024-02-15,PREMIUM
C00238,Eiravati Gaba,lmistry@example.com,2025-09-08,REGULAR
C00239,Chandani Soman,pillaygarima@example.net,2023-12-30,PREMIUM
C00240,Darika Bala,planka@example.net,2025-12-26,VIP
C00241,Charan Srinivasan,lajitadivan@example.net,2024-07-23,PREMIUM
C00242,Imaran Halder,sastrydipta@example.com,2024-03-04,REGULAR
C00243,Samar Roy,tbhatia@example.org,2025-09-25,REGULAR
C00244,Ekta Sridhar,lmurthy@example.com,2025-10-18,REGULAR
C00245,Irya Lalla,phanda@example.com,2025-11-25,REGULAR
C00246,Umang Mishra,sarthak75@example.com,2025-01-04,REGULAR
C00247,Bhavna Dara,wrana@example.org,2024-10-06,REGULAR
C00248,Bhavna Brar,riya47@example.org,2024-05-21,REGULAR
C00249,Anita Devan,khatrixavier@example.org,2026-05-18,REGULAR
C00250,Viraj Ben,sachdevganga@example.net,2025-07-15,REGULAR
C00251,Laksh Ahluwalia,niharikasoni@example.com,2026-04-18,REGULAR
C00252,Bhavna Nagi,daniel19@example.org,2025-10-21,REGULAR
C00253,Parth Sahni,balhaarranganathan@example.com,2024-04-27,REGULAR
C00254,Baljiwan Andra,hredhaan54@example.com,2026-04-04,REGULAR
C00255,Krish Thaman,mmahajan@example.org,2024-12-07,PREMIUM
C00256,Tara Kurian,akshaynazareth@example.com,2025-12-11,REGULAR
C00257,Parth Ravi,uvarma@,2025-03-26,VIP
C00258,Qasim Dey,pnaik@example.org,2024-08-21,REGULAR
C00259,Warinder Sekhon,forum49@example.net,2025-12-18,REGULAR
C00260,Advika Parsa,daviddani@example.com,2024-10-31,VIP
C00261,Nidra Thakkar,jacob45@example.net,2024-06-20,REGULAR
C00262,Kiaan Sridhar,suhaniprakash@example.com,2025-11-12,REGULAR
C00263,Tejas Kota,vorasanya@example.net,2025-01-25,REGULAR
C00264,Isaac Bhatia,masongala@example.com,2025-09-28,REGULAR
C00265,Jackson Jha,gchand@example.com,2023-10-07,REGULAR
C00266,Kevin Varghese,kshan@example.org,2025-11-27,PREMIUM
C00267,Darika Bains,akumar@example.net,2024-06-15,PREMIUM
C00268,Chakradev Sampath,devansh80@example.org,2025-07-15,REGULAR
C00269,Bhavini Rege,krishnasalvi@example.com,2025-02-26,REGULAR
C00270,Krishna Prashad,zachariakiaan@example.net,2025-01-03,VIP
C00271,Pranav Yogi,iwadhwa@example.net,2024-06-22,PREMIUM
C00272,Arin Misra,isamra@example.com,2024-07-03,REGULAR
C00273,Triveni Pal,anyagulati@example.net,2024-01-04,REGULAR
C00274,Oni Babu,samuelbhavsar@example.org,2026-01-20,PREMIUM
C00275,Sanya Bava,chaitanyaratti@example.com,2024-07-11,REGULAR
C00276,Daksh Dey,vivaan95@example.net,2026-01-26,PREMIUM
C00277,Warjas Mittal,timothysachdev@example.com,2024-09-12,REGULAR
C00278,Parth Sane,wbatta@example.net,2026-05-20,REGULAR
C00279,Eiravati Saha,tdixit@example.com,2024-04-23,PREMIUM
C00280,Wridesh Kar,maanas70@example.net,2025-04-14,REGULAR
C00281,Krish Rama,aadhyajani@example.com,2026-04-12,REGULAR
C00282,Shivani Prabhakar,wasonrayaan@example.org,2024-09-02,PREMIUM
C00283,Balveer Bora,teerthsrinivas@example.org,2024-12-11,PREMIUM
C00284,Alexander Kakar,jacobsrinivas@example.org,2026-02-05,REGULAR
C00285,Mekhala Khatri,barkha67@example.net,2026-04-15,REGULAR
C00286,Darika Lal,yochana77@example.org,2025-07-11,REGULAR
C00287,Samar Prabhakar,odika09@example.org,2024-02-24,REGULAR
C00288,Advika Sahni,michael35@example.org,2025-02-22,PREMIUM
C00289,Xalak Nazareth,vrinda77@example.org,2025-01-10,PREMIUM
C00290,Logan Suresh,danielviswanathan@example.org,2023-11-05,REGULAR
C00291,Abeer Sachar,vihaanbir@example.net,2024-03-03,REGULAR
C00292,Tejas Tiwari,dprakash@example.net,2026-03-29,PREMIUM
C00293,Vinaya Babu,walinisha@example.org,2023-08-07,REGULAR
C00294,Bhavini Badal,ggola@example.org,2025-10-04,REGULAR
C00295,Wridesh Handa,irya46@example.org,2025-02-11,PREMIUM
C00296,Tripti Kohli,charitabuch@example.net,2026-04-17,REGULAR
C00297,Girik Ravi,jpurohit@example.com,2023-10-08,REGULAR
C00298,Onveer Butala,psaraf@example.com,2025-12-08,REGULAR
C00299,Brijesh Karpe,vaishnavimadan@example.org,2023-11-05,REGULAR
C00300,Bachittar Gola,amol39@example.org,2025-03-22,REGULAR
C00301,Chandani Gaba,lopazachariah@example.com,2025-02-28,REGULAR
C00302,Farhan Tella,chatresh16@example.org,2023-11-08,REGULAR
C00303,Mekhala Narain,mahajanshravya@example.com,2024-07-01,REGULAR
C00304,Keya Sankaran,lajitachada@example.net,2024-10-13,REGULAR
C00305,Ethan Butala,mitesh62@example.net,2025-03-09,PREMIUM
C00306,Jalsa Chhabra,ahluwaliadarika@example.com,2025-01-22,PREMIUM
C00307,Harsh Deo,groverraagini@example.com,2025-11-24,REGULAR
C00308,Harshil Bal,pandyagirik@example.net,2026-01-27,REGULAR
C00309,Lekha Arora,odika61@example.net,2025-11-28,REGULAR
C00310,Omkaar Rai,liamluthra@example.com,2024-09-01,REGULAR
C00311,Madhav Bhatnagar,radhikamajumdar@example.com,2024-10-20,REGULAR
C00312,Faraj Patel,yatin79@example.net,2024-05-11,VIP
C00313,Hredhaan Deshmukh,abeer65@example.net,2025-02-22,REGULAR
C00314,Ria Natt,tdeshpande@example.com,2026-02-04,REGULAR
C00315,Varenya Murthy,mitalinagar@example.com,2026-03-22,REGULAR
C00316,Xavier Nanda,ymand@,2025-01-30,REGULAR
C00317,Ryan Gole,shenoyshaurya@example.com,2024-10-07,REGULAR
C00318,Nilima Tata,chavvikhurana@example.com,2026-05-01,REGULAR
C00319,Pallavi Purohit,senvarenya@example.net,2025-03-26,REGULAR
C00320,Balhaar Parsa,choprayuvraj@example.net,2026-05-10,REGULAR
C00321,Ojas Basu,ynarula@example.com,2023-12-24,REGULAR
C00322,Guneet Kuruvilla,yashvivenkataraman@example.net,2025-12-30,REGULAR
C00323,Sanaya Prasad,xsheth@example.net,2026-01-12,REGULAR
C00324,Hemani Bakshi,scheema@example.com,2023-11-23,REGULAR
C00325,Lucky Pall,hemal73@example.net,2025-08-01,REGULAR
C00326,Vamakshi Chatterjee,usethi@example.org,2024-10-21,REGULAR
C00327,Ishwar Bajaj,ikbal23@example.net,2024-04-09,REGULAR
C00328,Ganga Sandhu,zkata@example.com,2026-03-17,REGULAR
C00329,Quincy Sankaran,vbalakrishnan@example.net,2024-05-14,REGULAR
C00330,Pushti Ramachandran,kalasamesh@example.com,2023-10-18,REGULAR
C00331,Rachit Pau,ronith71@example.com,2026-05-19,REGULAR
C00332,Dhriti Rama,wcomar@example.com,2025-06-23,PREMIUM
C00333,Chameli Chad,dhritidalal@example.org,2024-10-29,REGULAR
C00334,Qadim Prakash,yastirama@example.com,2026-01-24,REGULAR
C00335,Leela Sampath,vidhiyogi@example.net,2026-04-10,VIP
C00336,Ojas Suri,logan25@example.com,2026-03-01,REGULAR
C00337,Jagrati Andra,mdeshpande@example.com,2025-12-01,REGULAR
C00338,Nilima Swamy,fsawhney@example.org,2023-11-18,REGULAR
C00339,Thomas Master,maharajumangexample.net,2024-10-03,REGULAR
C00340,Tanvi Tandon,comaramrita@example.net,2025-02-01,REGULAR
C00341,Ridhi Kamdar,vchaudry@example.net,2024-07-31,PREMIUM
C00342,Bachittar Sengupta,ijaya17@example.org,2024-07-15,REGULAR
C00343,Indali Sangha,liamjhaveri@example.org,2023-10-13,PREMIUM
C00344,Avni Yohannan,ekiyamaster@example.com,2025-12-18,REGULAR
C00345,Yoshita Chandran,nishabhargava@example.com,2026-04-26,REGULAR
C00346,Kevin Krish,ekantakota@example.net,2025-03-14,REGULAR
C00347,Lucky Luthra,cprashad@example.org,2026-03-23,PREMIUM
C00348,Neha Varma,jyoti77@example.com,2026-01-02,REGULAR
C00349,Girik Shanker,dev86@example.org,2025-05-10,PREMIUM
C00350,Warda Loyal,bhanumati58@example.net,2024-01-31,REGULAR
C00351,Hemal Bava,chaudharytripti@example.org,2024-01-21,REGULAR
C00352,Ridhi Shan,sanghasamaksh@example.net,2024-02-02,VIP
C00353,Nathan Mahal,patelzashil@example.org,2025-02-09,REGULAR
C00354,Charles Randhawa,vivaan61@example.net,2023-12-07,REGULAR
C00355,Tanay Sood,deoupkaar@example.net,2026-06-03,REGULAR
C00356,Aditya Anand,jai62@example.com,2023-10-31,REGULAR
C00357,Leela Chakraborty,chauhandhriti@example.com,2024-10-19,PREMIUM
C00358,Lavanya Deol,ekapadwali@example.net,2023-07-26,VIP
C00359,Ria Panchal,maxsabharwal@example.net,2025-05-30,REGULAR
C00360,Gabriel Chaudhry,jatinrajagopalan@example.com,2025-05-10,REGULAR
C00361,Logan Kota,frado38@example.net,2026-01-30,REGULAR
C00362,Avi Mitra,zarnaupadhyay@example.org,2025-03-12,VIP
C00363,Chatura Khatri,hraju@example.org,2025-08-27,REGULAR
C00364,Advik Patel,kevin69@example.com,2025-01-30,REGULAR
C00365,Urishilla Bora,birakshay@example.com,2024-06-12,REGULAR
C00366,Darpan Rao,yachana66@example.net,2025-03-28,REGULAR
C00367,Michael Mall,mukherjeefarhan@example.net,2024-05-23,REGULAR
C00368,Eta Raman,mukherjeerajeshri@example.net,2024-07-17,REGULAR
C00369,Yash Chadha,ddalia@example.net,2026-02-12,PREMIUM
C00370,Dayamai Gill,aroralaksh@example.net,2023-07-30,REGULAR
C00371,Watika Palan,ojas52@example.net,2024-09-02,REGULAR
C00372,Ayushman Nayak,hmagar@example.org,2024-08-24,REGULAR
C00373,Watika Shah,christopher79@example.org,2025-02-03,VIP
C00374,Aadhya Chauhan,kariyashodhara@example.org,2023-09-19,REGULAR
C00375,Yash Batra,ypatla@example.org,2024-04-16,REGULAR
C00376,Oni Kapur,yuvraj65@example.com,2023-11-10,PREMIUM
C00377,Jagdish Thakkar,golaudant@example.net,2023-09-22,PREMIUM
C00378,Ekapad Shroff,deepa51@example.net,2025-06-21,REGULAR
C00379,Jyoti Iyer,daksha93@example.com,2025-02-04,REGULAR
C00380,Rohan Korpal,abeerrout@example.org,2024-07-08,REGULAR
C00381,Aditya Nayak,puridamyanti@example.org,2024-05-26,REGULAR
C00382,Oni Swamy,dharati@example.org,2023-09-19,REGULAR
C00383,Zinal Sachar,tara19@example.org,2025-09-05,REGULAR
C00384,Meera Borde,sarankalpit@example.org,2024-10-08,VIP
C00385,Divya Ramaswamy,eesha74@example.org,2023-11-06,REGULAR
C00386,Laban Chopra,hiteshgala@example.com,2025-07-05,PREMIUM
C00387,Niharika Dara,sarthak74@example.com,2024-08-27,PREMIUM
C00388,Gautam Dugar,banjeet35@example.org,2023-12-01,REGULAR
C00389,Ishani Randhawa,mistryabha@example.org,2023-08-30,VIP
C00390,Sneha Krish,shereharsh@example.org,2024-01-17,REGULAR
C00391,David Kapadia,rudrarattan@example.com,2026-03-18,VIP
C00392,Aashi Borde,bhattacharyyarudra@example.net,2025-05-31,PREMIUM
C00393,George Narula,basaktriya@example.org,2024-03-29,REGULAR
C00394,Megha Taneja,rajapooja@example.org,2025-01-12,REGULAR
C00395,Rachit Maharaj,sanaya20@example.net,2026-02-28,REGULAR
C00396,Chakrika Tara,dsrinivas@example.org,2024-09-19,REGULAR
C00397,Laksh Saini,zaidbahl@example.com,2025-01-20,REGULAR
C00398,Vedhika Padmanabhan,lipika42@example.org,2024-11-19,REGULAR
C00399,Ayushman Mand,sodhiishita@example.net,2024-07-08,REGULAR
C00400,Harish Kota,amairawalla@example.net,2023-10-07,REGULAR
C00401,Lipika Pant,patrickkhalsa@example.net,2024-11-18,REGULAR
C00402,Ayaan Pandey,raghavtailor@example.net,2024-11-04,REGULAR
C00403,Vritti Barad,bhallaviraj@example.net,2024-06-16,REGULAR
C00404,Vanya Acharya,saksham25@example.net,2024-04-13,PREMIUM
C00405,Daniel Bains,luckychoudhry@example.net,2025-01-29,PREMIUM
C00406,Kashvi Randhawa,nayarchasmum@example.com,2024-02-09,PREMIUM
C00407,Rajeshri Sur,owen89@example.com,2024-06-23,REGULAR
C00408,Kritika Mohanty,joshua20@example.net,2025-12-18,VIP
C00409,Bachittar Gopal,timothy91@example.com,2024-02-16,REGULAR
C00410,Faras Khanna,ekaja21@example.net,2026-05-18,REGULAR
C00411,Sanya Apte,shaurya31@example.com,2024-08-14,PREMIUM
C00412,Aarav Bava,usarma@example.com,2024-03-27,REGULAR
C00413,Waida Radhakrishnan,keya17@example.net,2026-04-19,PREMIUM
C00414,Nicholas Seth,bandichaitaly@example.org,2024-11-19,REGULAR
C00415,Henry Borah,onkar62@example.net,2023-11-06,REGULAR
C00416,Hamsini Subramanian,sankarnitesh@example.net,2025-05-17,REGULAR
C00417,Chatresh Chaudhuri,samesh36@example.net,2025-11-19,REGULAR
C00418,Baghyawati Mishra,gopalbawa@example.com,2025-12-17,PREMIUM
C00419,Mitesh Bhagat,aarush61@example.com,2026-05-06,REGULAR
C00420,Ryan Chatterjee,jhaverionkar@example.net,2024-10-08,PREMIUM
C00421,Urvashi D’Alia,mitali77@example.net,2024-08-27,PREMIUM
C00422,Lila Goyal,lakshmi52@example.com,2023-09-20,REGULAR
C00423,Ria Shroff,upkaar49@example.org,2024-03-03,VIP
C00424,Frederick Padmanabhan,jkaran@example.org,2025-03-05,PREMIUM
C00425,Vaishnavi Keer,fmistry@example.com,2023-09-04,REGULAR
C00426,Jai Sen,oliverkakar@example.org,2024-01-25,PREMIUM
C00427,Pallavi Brar,ojaggi@example.org,2026-01-22,REGULAR
C00428,Ekaja Bhavsar,ramamekhala@example.net,2024-11-30,REGULAR
C00429,Zinal Shanker,virkoni@example.org,2025-04-16,REGULAR
C00430,Manbir Chaudhry,chaudhuribhavika@example.net,2024-12-28,REGULAR
C00431,Aishani Rajagopal,csolanki@example.org,2024-09-12,REGULAR
C00432,Maanas Ratti,randhawagarima@example.net,2024-07-16,REGULAR
C00433,Vaishnavi Luthra,anmol54@example.com,2024-09-20,PREMIUM
C00434,Guneet Kari,charitasavant@example.com,2024-09-03,REGULAR
C00435,Gaurav Guha,akakar@example.net,2025-08-03,REGULAR
C00436,Daksh Varma,dominicmukhopadhyay@example.net,2025-09-07,REGULAR
C00437,Krishna Viswanathan,ghosereyansh@example.org,2023-10-10,REGULAR
C00438,Bachittar Shan,patelrushil@example.com,2025-02-04,VIP
C00439,Yashasvi Ranganathan,balasubramanianwyatt@example.com,2025-08-10,REGULAR
C00440,Peter Som,hemangini24@example.net,2023-11-30,REGULAR
C00441,Ayaan Raju,gabatanish@example.org,2026-04-13,REGULAR
C00442,Samuel Luthra,bvarghese@example.net,2023-07-26,REGULAR
C00443,Kevin Ghose,kapurzayyan@example.net,2024-10-29,REGULAR
C00444,Pallavi Puri,tripti43@example.com,2024-10-24,REGULAR
C00445,Harsh Amble,barkha41@example.com,2023-10-20,REGULAR
C00446,Aradhana Nair,advika43@example.org,2025-09-23,VIP
C00447,Dakshesh Raval,logan07@example.com,2024-08-19,VIP
C00448,Nidhi Rama,guptahemal@example.net,2024-06-22,REGULAR
C00449,Jagrati Tripathi,onkar82@example.com,2023-12-11,REGULAR
C00450,Kabir Kuruvilla,gautamichakraborty@example.org,2025-01-14,REGULAR
C00451,Damyanti Salvi,kamya49@example.com,2025-07-02,REGULAR
C00452,Upma Bera,sodhirobert@example.net,2024-01-15,REGULAR
C00453,Chanchal Sachdev,doralaksh@example.org,2024-12-26,REGULAR
C00454,Tanvi Dhar,pranit17@example.com,2026-03-19,REGULAR
C00455,Dhriti Bhardwaj,sethanusha@example.org,2024-03-30,REGULAR
C00456,Vrishti Chakrabarti,radhasanghvi@example.com,2025-05-09,REGULAR
C00457,Leela Agrawal,wallaryan@example.net,2025-02-11,REGULAR
C00458,Ekanta Wali,andrewagrawal@example.net,2024-08-02,REGULAR
C00459,Hemangini Muni,harshilrajagopal@example.net,2026-01-12,REGULAR
C00460,Oliver Bhattacharyya,misrabina@example.com,2025-09-28,PREMIUM
C00461,Radha Desai,vrishti53@example.org,2025-03-30,REGULAR
C00462,Vedant Kapur,siddharthbains@example.net,2025-09-03,REGULAR
C00463,Jatin Peri,prashadaadhya@example.net,2026-03-07,REGULAR
C00464,Chanakya Chokshi,bavajack@example.com,2025-06-02,REGULAR
C00465,Jatin Krishnan,ndua@example.net,2026-06-12,PREMIUM
C00466,Charvi Salvi,venkateshanamika@example.net,2026-02-07,PREMIUM
C00467,Omya Cheema,mandalishaan@example.org,2025-08-24,PREMIUM
C00468,Ryan Lall,ishitarout@example.com,2024-03-18,REGULAR
C00469,Watika Johal,pnarayanan@example.org,2023-08-01,VIP
C00470,Indrajit Tak,gautamvaidya@example.org,2023-12-17,VIP
C00471,Vihaan Shan,aishani70@example.org,2024-04-09,PREMIUM
C00472,Bina Parsa,pooja11@example.org,2023-07-28,VIP
C00473,Onkar Narasimhan,raksha94@example.net,2023-12-04,REGULAR
C00474,Hema Goswami,rattanmugdha@example.com,2024-09-07,REGULAR
C00475,Vanya Sama,isaiahdeo@example.net,2023-10-12,REGULAR
C00476,Hemang Saha,lsarma@example.net,2025-02-21,REGULAR
C00477,Ayush De,hsura@example.com,2025-05-27,PREMIUM
C00478,Dev Lal,advik89@example.net,2025-12-06,REGULAR
C00479,Hamsini Venkataraman,santyuvraj@example.com,2024-12-31,REGULAR
C00480,Manthan Bhagat,dugaryashasvi@example.com,2025-08-21,REGULAR
C00481,Falan Swamy,wridesh54@example.org,2025-09-07,REGULAR
C00482,Kritika Rau,farhansharaf@example.com,2025-12-19,PREMIUM
C00483,Gaurang Tara,hmutti@example.com,2026-04-22,REGULAR
C00484,Harshil Raval,jbanik@example.net,2023-07-13,REGULAR
C00485,Daksha Trivedi,tanmayiom@example.com,2023-10-05,REGULAR
C00486,Suhani Narula,tpatla@example.com,2024-01-06,REGULAR
C00487,Tristan Agate,isha48@example.net,2025-02-12,REGULAR
C00488,Chakradev Gala,tdey@example.net,2025-04-08,REGULAR
C00489,Aachal Hayre,jairamaswamy@example.org,2025-06-21,VIP
C00490,Hamsini Chokshi,obatra@example.net,2026-01-12,PREMIUM
C00491,Shravya Shankar,wishiagrawal@example.net,2023-09-26,REGULAR
C00492,Vasudha Trivedi,oscardave@example.org,2025-03-05,REGULAR
C00493,Yamini Rajagopalan,rkothari@example.com,2024-12-26,VIP
C00494,Sneha Deol,nitaravala@example.com,2025-11-09,REGULAR
C00495,Teerth Iyer,binapai@example.net,2024-02-04,VIP
C00496,Yahvi Naidu,pandeyvarsha@example.net,2025-12-15,REGULAR
C00497,Bhavika Sami,virkhredhaan@example.org,2025-02-23,REGULAR
C00498,Chatresh Bhalla,amaradyal@example.com,2026-06-08,REGULAR
C00499,Madhav Bhatia,samar80@example.com,2025-06-15,REGULAR
C00500,Udarsh Ramachandran,yastimani@example.net,2026-05-10,PREMIUM
C00501,Lakshmi Ram,jmunshi@example.org,2023-08-02,REGULAR
C00502,Samaksh Savant,jhalakhegde@example.net,2024-05-08,REGULAR
C00503,Saumya Goel,groveroscar@example.net,2025-09-18,PREMIUM
C00504,Krishna Baria,jmallick@example.com,2024-01-31,REGULAR
C00505,Aadhya Ahluwalia,unnati20@example.org,2024-11-25,REGULAR
C00506,Charvi Swaminathan,elijah58@example.org,2024-04-23,REGULAR
C00507,Yashasvi Dutta,zyadav@example.org,2025-01-05,PREMIUM
C00508,Tanay Narula,jalsa43@example.net,2025-10-14,REGULAR
C00509,Aditya Contractor,sanaya39@example.net,2024-07-25,REGULAR
C00510,Ekani Raj,rajuaahana@example.net,2024-09-24,REGULAR
C00511,Zansi Prasad,csur@example.com,2026-04-20,REGULAR
C00512,Ekani Varkey,charoliver@example.net,2025-10-18,REGULAR
C00513,Dominic Kade,paninichawla@example.org,2025-10-25,REGULAR
C00514,Ekbal Dube,sharafgarima@example.org,2023-11-25,REGULAR
C00515,Chatura Gokhale,ekavir93@example.com,2025-04-06,REGULAR
C00516,Shravya Ravel,bmutti@example.com,2026-05-23,PREMIUM
C00517,Abeer Bhatnagar,boraishita@example.net,2023-12-24,PREMIUM
C00518,Charvi Chadha,raksha66@example.net,2023-08-29,PREMIUM
C00519,Naksh Walla,labanraman@example.net,2024-10-13,REGULAR
C00520,Chanchal Prakash,dhaliwaljatin@example.org,2023-07-20,VIP
C00521,Frederick Mody,hemanginikakar@example.com,2026-04-11,PREMIUM
C00522,Naveen Gour,zayyanhari@example.org,2024-04-19,REGULAR
C00523,Triya Bora,ekalinga41@example.org,2025-12-30,VIP
C00524,Ganga Parikh,wahabchaudhry@example.com,2026-03-01,REGULAR
C00525,Rishi Nadkarni,vseshadri@example.net,2026-05-02,REGULAR
C00526,Michael Patla,priya20@example.com,2024-07-29,VIP
C00527,Rajata Malhotra,krish57@example.com,2025-06-03,REGULAR
C00528,Dalaja Sur,gillfinn@example.com,2024-02-15,REGULAR
C00529,Adya Bose,bahlyashica@example.net,2023-08-30,REGULAR
C00530,Simon Bansal,urmi25@example.com,2024-06-23,REGULAR
C00531,Krish Shetty,ranganathanjanuja@example.net,2023-07-29,REGULAR
C00532,Noah Varkey,sanayadutta@example.org,2025-12-08,REGULAR
C00533,Veda Parmer,kandavinaya@example.org,2023-10-18,PREMIUM
C00534,Kala Kaur,jhaverizarna@example.com,2025-03-06,REGULAR
C00535,Suhani Batra,naikharshil@example.net,2025-09-29,PREMIUM
C00536,Adya Ghosh,xradhakrishnan@example.net,2026-04-22,REGULAR
C00537,Zansi Krishnamurthy,hkapoor@example.com,2025-01-11,REGULAR
C00538,Vidhi Subramaniam,thakerliam@example.com,2024-03-26,REGULAR
C00539,Faraj Varkey,siddharth22@example.org,2025-01-25,REGULAR
C00540,Victor Sachdeva,ishaan77@example.com,2024-06-04,REGULAR
C00541,Nirja Bains,calebdatta@example.net,2026-01-18,VIP
C00542,Krish Vala,dindaksh@example.org,2024-08-17,PREMIUM
C00543,Zansi Ravi,manderfrederick@example.org,2025-06-09,REGULAR
C00544,Vasatika Garde,nirjadhar@example.net,2024-04-20,PREMIUM
C00545,Oliver Oommen,obiswas@example.com,2025-03-02,REGULAR
C00546,Ikbal Babu,yaminisaini@example.org,2026-02-07,REGULAR
C00547,Peter Soni,waliyahvi@example.org,2023-12-04,REGULAR
C00548,Kalpit Zacharia,sankarosha@example.com,2023-09-18,PREMIUM
C00549,Veer Subramaniam,lpalla@example.net,2025-12-23,PREMIUM
C00550,Pavani Desai,vansha31@example.com,2026-01-27,REGULAR
C00551,Aarini Gulati,amblejacob@example.net,2023-07-24,REGULAR
C00552,Samesh Mutti,gpathak@example.org,2025-05-04,REGULAR
C00553,Advika Wason,npau@example.com,2026-06-04,REGULAR
C00554,Samar Sachdev,xgola@example.net,2025-11-21,REGULAR
C00555,Zehaan Mohanty,mitali21@example.net,2024-07-03,REGULAR
C00556,Neel Chaudhry,yashodarattan@example.com,2025-11-14,PREMIUM
C00557,Naveen Ramachandran,chandmaanav@example.com,2026-01-30,PREMIUM
C00558,Gaurang Bhatt,tristan51@example.net,2023-09-09,REGULAR
C00559,Nandini Verma,dakshesh27@example.com,2023-07-29,VIP
C00560,Zarna Mangal,bahadurjituppal@example.net,2024-07-06,REGULAR
C00561,Balendra Parsa,aadidugar@example.org,2024-09-13,PREMIUM
C00562,Ira Rana,hiyer@example.org,2023-10-27,REGULAR
C00563,Bhavani Pall,aradhana39@,2025-06-18,REGULAR
C00564,Aayush Lal,niharikatoor@example.org,2025-11-26,REGULAR
C00565,Yahvi Menon,jackson84@example.net,2025-12-22,REGULAR
C00566,Saanvi Purohit,wkohli@example.com,2025-06-24,REGULAR
C00567,Ayaan Subramaniam,kuruvillaekansh@example.com,2026-03-23,REGULAR
C00568,Victor Mutti,hpandit@example.net,2023-07-28,PREMIUM
C00569,Yuvraj Mani,rastogihema@example.org,2025-11-20,REGULAR
C00570,Vamakshi Murthy,tejas94@example.org,2026-06-08,REGULAR
C00571,Wishi Iyengar,wyattlanka@example.org,2024-07-03,REGULAR
C00572,Zaid Parekh,hredhaandar@example.org,2026-05-27,REGULAR
C00573,Abeer Basak,nprabhu@example.com,2025-08-15,REGULAR
C00574,Vritti Goswami,mitali39@example.org,2023-10-05,REGULAR
C00575,Vanya Zachariah,thakkaridika@example.com,2024-04-09,REGULAR
C00576,Jai Vasa,smutti@example.org,2023-07-31,REGULAR
C00577,Ladli Chaudhuri,janaki94@example.org,2025-11-11,REGULAR
C00578,Warjas Luthra,xoza@example.org,2025-08-25,REGULAR
C00579,Shivansh Saini,janya64@example.com,2024-04-17,REGULAR
C00580,Veer Chaudhry,warinder86example.com,2024-05-12,REGULAR
C00581,Mason Solanki,godaoviya@example.com,2024-02-06,REGULAR
C00582,Vidhi Mital,champak61@example.net,2024-03-22,REGULAR
C00583,Tanveer Kumar,cchar@example.net,2024-12-13,REGULAR
C00584,Jalsa Parsa,hemangini06@example.org,2025-01-08,PREMIUM
C00585,Owen Mane,ekta87@example.net,2025-06-06,PREMIUM
C00586,Lakshmi Mangat,kdhillon@example.net,2024-12-18,REGULAR
C00587,Nidhi Bora,edwinhemal@example.org,2024-11-10,REGULAR
C00588,Bishakha Loke,cmadan@,2026-01-09,PREMIUM
C00589,Odika Ganesh,arindass@example.net,2024-07-11,REGULAR
C00590,Fariq Kade,mekhalachauhan@example.org,2023-10-20,REGULAR
C00591,Chatura Bal,wviswanathan@example.org,2023-12-21,REGULAR
C00592,Nachiket Chad,omore@example.org,2024-09-26,PREMIUM
C00593,Jonathan Deep,ayushbanerjee@example.net,2025-01-17,PREMIUM
C00594,Vamakshi Sibal,sai28@example.org,2026-01-15,REGULAR
C00595,Radhika Viswanathan,idika78@example.org,2023-11-29,REGULAR
C00596,Darika Pau,jlad@example.com,2023-07-29,REGULAR
C00597,Laban Padmanabhan,upasna80@example.net,2025-08-15,REGULAR
C00598,Chandani Andra,mmaster@example.org,2023-07-24,REGULAR
C00599,Ranbir Sabharwal,prana@example.org,2026-04-11,REGULAR
C00600,Kritika Kannan,fariq63@example.net,2026-02-19,REGULAR
C00601,Bhavani Wali,nitara31@example.org,2024-02-10,REGULAR
C00602,Indrajit Shah,smagar@example.net,2025-08-15,PREMIUM
C00603,Ekani Bahl,chandranwarrior@example.org,2024-04-26,REGULAR
C00604,Baghyawati Luthra,rakshaanand@example.org,2023-11-30,REGULAR
C00605,Alexander Tak,hemasalvi@example.com,2025-08-25,PREMIUM
C00606,Ubika Balay,faris20@example.com,2025-03-13,REGULAR
C00607,Upma Golla,zashilraj@example.org,2024-01-18,REGULAR
C00608,Lekha Savant,bahadurjitissac@example.com,2023-12-05,PREMIUM
C00609,Urvashi Ramachandran,ekantika20@example.net,2025-11-12,VIP
C00610,Zehaan Srivastava,rushil50@example.net,2024-06-15,REGULAR
C00611,Warinder Saraf,alexander24@example.net,2024-01-14,PREMIUM
C00612,Xavier Andra,somanmohammed@example.com,2023-11-29,REGULAR
C00613,Nakul Tata,nigamdarpan@example.org,2025-01-15,REGULAR
C00614,Hredhaan Dass,ukaul@example.net,2026-04-09,REGULAR
C00615,Reva Hans,purohitishita@example.net,2024-02-07,REGULAR
C00616,Balveer Sundaram,imenon@example.net,2025-08-12,REGULAR
C00617,Rachit Pall,upadhriti49@example.net,2024-03-18,PREMIUM
C00618,Mohammed Sengupta,adya85@example.com,2023-07-14,PREMIUM
C00619,Qasim Bahl,william51@example.net,2025-10-27,REGULAR
C00620,Ranveer Viswanathan,ndube@example.com,2024-11-25,REGULAR
C00621,Ekanta Choudhry,virkekalinga@example.org,2024-01-30,PREMIUM
C00622,Azad Jaggi,sunderrehaan@example.org,2023-08-31,REGULAR
C00623,Vrishti Vora,chandran53@example.net,2023-10-31,REGULAR
C00624,Sathvik Swamy,sidhudarsh@example.com,2025-11-25,REGULAR
C00625,Jyoti Bhardwaj,banjeet14@example.org,2024-06-12,REGULAR
C00626,Harrison Kashyap,mgupta@example.net,2026-04-28,PREMIUM
C00627,Praneel Sagar,parmartara@example.net,2026-05-11,PREMIUM
C00628,Hemang Ganesan,neelimathaman@example.com,2026-04-29,REGULAR
C00629,Saanvi Pandey,ekta56@example.net,2025-05-11,REGULAR
C00630,Wridesh Kala,xkumar@example.com,2025-06-07,REGULAR
C00631,Aadi Banerjee,amol82@example.com,2023-07-23,REGULAR
C00632,Tristan Kala,anthony48@example.net,2025-11-23,REGULAR
C00633,Girindra Barad,jparekh@example.org,2024-08-27,REGULAR
C00634,Zaid Kaul,charita19@example.com,2025-12-13,REGULAR
C00635,Faras Nair,fghose@example.net,2025-12-24,REGULAR
C00636,Charita Barad,xbrar@example.org,2024-12-13,REGULAR
C00637,Radha Saha,karanadvay@example.net,2026-03-21,REGULAR
C00638,Chatura Mody,nagarmason@example.com,2025-08-31,PREMIUM
C00639,Michael Bedi,wsehgal@example.net,2025-12-22,REGULAR
C00640,Tristan Sankaran,meera22@example.com,2023-11-18,REGULAR
C00641,Chandran Rastogi,frederick68@example.com,2024-01-31,REGULAR
C00642,Vasana Hora,prana@example.net,2024-05-12,REGULAR
C00643,Xavier Bora,qushi59@example.org,2024-01-03,REGULAR
C00644,Pallavi Pau,rayaan55@example.net,2026-04-26,PREMIUM
C00645,Dalaja Gara,riya92@example.com,2023-09-20,REGULAR
C00646,Ryan Prakash,frederickchowdhury@example.net,2023-10-05,PREMIUM
C00647,Manbir Mani,ozaindrajit@example.com,2025-06-11,REGULAR
C00648,Arin Narula,siddharthjani@example.net,2025-10-02,REGULAR
C00649,Vasudha Dhaliwal,puricaleb@example.com,2024-04-02,REGULAR
C00650,Bhanumati Iyer,chatresh70@example.org,2025-03-07,REGULAR
C00651,Jagvi Chokshi,masterlibni@example.org,2025-02-23,REGULAR
C00652,Diya Sundaram,grewalrushil@example.net,2025-06-23,REGULAR
C00653,Balveer Kota,gauri76@example.net,2024-03-12,PREMIUM
C00654,Idika Pandey,chasmum38@example.com,2023-10-17,PREMIUM
C00655,Lila Balan,umang25@example.com,2026-04-28,PREMIUM
C00656,Gagan Raja,omishakhosla@example.net,2024-03-06,REGULAR
C00657,Devika Narayan,ndeep@example.net,2024-02-13,REGULAR
C00658,Lakshit More,qushidhillon@example.net,2025-12-06,REGULAR
C00659,Eesha Bir,goureesha@example.org,2023-08-27,PREMIUM
C00660,Odika Sabharwal,saanvi42@example.org,2023-12-25,REGULAR
C00661,Qasim Bal,vihaan93@example.org,2023-08-22,REGULAR
C00662,Fariq Sood,yadavisingh@example.net,2026-04-17,REGULAR
C00663,Qarin Ram,isom@example.org,2024-05-08,REGULAR
C00664,Bachittar Rege,madannitara@example.org,2026-05-20,REGULAR
C00665,Samarth Bhatti,revasuri@example.net,2024-11-28,REGULAR
C00666,Yatin Sane,mbarman@example.net,2025-02-22,REGULAR
C00667,Meera Yadav,vermaikbal@example.com,2025-06-21,REGULAR
C00668,Yatan Venkataraman,jbaral@example.com,2025-09-21,VIP
C00669,Ranveer Manne,trao@example.com,2025-06-28,REGULAR
C00670,Pahal Menon,varugheselucky@example.com,2026-04-11,REGULAR
C00671,Gautam Tella,golekrishna@example.com,2025-04-15,PREMIUM
C00672,Shravya Bakshi,sudikshajaggi@example.com,2023-11-30,REGULAR
C00673,Ekiya Gade,chandishaan@example.net,2025-06-10,REGULAR
C00674,Frederick Viswanathan,nvaidya@example.org,2025-02-20,REGULAR
C00675,Caleb Garde,mason22@example.org,2023-09-30,PREMIUM
C00676,Darika More,omani@example.org,2024-01-11,REGULAR
C00677,Samaksh Aggarwal,advik77@example.com,2025-11-03,REGULAR
C00678,Wakeeta Khanna,vamakshisetty@example.com,2025-05-29,REGULAR
C00679,Abeer Konda,sarthak02@example.org,2023-10-06,VIP
C00680,Balhaar Dhillon,misragarima@example.org,2023-09-27,REGULAR
C00681,Omaja Gokhale,bhavanigoel@example.com,2025-12-28,REGULAR
C00682,Balendra Chander,ekantika56@example.org,2025-05-06,REGULAR
C00683,Brinda Sinha,jairajmaharaj@example.com,2025-10-08,VIP
C00684,Shaurya Kadakia,chopragagan@example.com,2026-02-06,REGULAR
C00685,Prisha Nadig,irya29@example.net,2025-08-22,PREMIUM
C00686,Waida Gole,binahari@example.org,2024-01-12,PREMIUM
C00687,Udyati Dalal,oeshisachdev@example.org,2024-12-12,REGULAR
C00688,Simon Apte,baghyawatikumar@example.org,2024-11-02,REGULAR
C00689,Yashawini Naik,comargauri@example.com,2025-03-19,PREMIUM
C00690,Parth Hari,hamsini77@example.org,2026-04-10,REGULAR
C00691,Vasatika Dugal,vyadav@example.com,2025-04-16,REGULAR
C00692,Chandani Mutti,joshigarima@example.com,2023-10-23,REGULAR
C00693,Avni Balasubramanian,keya82@example.net,2026-02-07,REGULAR
C00694,Rachit Dada,divya04@example.com,2023-11-24,REGULAR
C00695,Wazir Prabhu,nmittal@example.net,2024-10-24,REGULAR
C00696,Isaac Prasad,jaggigeorge@example.com,2025-09-06,PREMIUM
C00697,Vasudha Tella,ranveeroak@example.com,2025-10-03,REGULAR
C00698,Falak Dhar,vartykevin@example.org,2023-09-07,REGULAR
C00699,Lila Vig,agrawaldeepa@,2026-01-21,REGULAR
C00700,Gauri Sibal,chauhandevika@example.org,2025-12-26,REGULAR
C00701,Shaurya Nagi,reyanshmangat@example.com,2025-10-16,REGULAR
C00702,Ridhi Dalal,manthan24@example.org,2023-08-05,REGULAR
C00703,Samuel Palla,anika24@example.net,2024-07-27,VIP
C00704,Ekavir Mukhopadhyay,sachi02@example.org,2025-07-13,REGULAR
C00705,Hitesh Rajagopal,chadhapooja@example.com,2024-04-16,VIP
C00706,Ishani Muni,rudra81@example.com,2025-12-11,REGULAR
C00707,Girik Sidhu,shahdayita@example.net,2026-04-09,REGULAR
C00708,Upma Kata,maanaskuruvilla@example.com,2025-03-13,REGULAR
C00709,Ganga Nair,bsura@,2025-07-20,REGULAR
C00710,Indali Srinivas,sgarde@example.com,2026-02-05,REGULAR
C00711,Yashoda Chauhan,uchhabra@example.net,2026-04-16,PREMIUM
C00712,Chasmum Walia,lrattan@example.com,2024-07-17,REGULAR
C00713,Nathan Subramaniam,vbhatti@example.org,2026-01-16,PREMIUM
C00714,Radhika Oommen,oscarbrahmbhatt@example.net,2025-12-20,PREMIUM
C00715,Ishwar Sheth,gunbir72@example.com,2025-04-03,REGULAR
C00716,Ikbal Raghavan,warda01@example.org,2024-02-13,PREMIUM
C00717,Manan Dixit,swali@example.com,2026-02-23,PREMIUM
C00718,Rohan Jha,chandani94@example.com,2024-12-28,REGULAR
C00719,Abhiram Uppal,sdatta@example.org,2025-02-05,REGULAR
C00720,Aadi Parmer,mandaazaan@example.org,2025-05-13,VIP
C00721,Eesha Raja,braj@example.net,2024-06-05,VIP
C00722,Vaishnavi Dewan,leenaparsa@example.com,2024-03-08,REGULAR
C00723,Jeremiah Desai,boraamol@example.org,2025-08-07,REGULAR
C00724,Laban Chad,ojasvishah@example.net,2026-02-05,PREMIUM
C00725,Pranit Sha,ysengupta@example.com,2024-06-27,REGULAR
C00726,Panini Amble,tkhalsa@example.net,2024-09-03,REGULAR
C00727,Jeevika Bandi,subramanianjyoti@example.org,2025-12-30,PREMIUM
C00728,Fariq Dhar,udyati81@example.net,2026-02-14,REGULAR
C00729,Yatan Sodhi,zachariadevika@example.net,2023-10-02,REGULAR
C00730,Advay Singh,evala@example.net,2024-12-08,VIP
C00731,Ira Menon,oliver09@example.net,2024-10-27,PREMIUM
C00732,Darsh Solanki,charanmanne@example.net,2026-03-08,REGULAR
C00733,Bhavini Sundaram,dateyashasvi@example.org,2024-09-16,PREMIUM
C00734,Kevin Mand,aarini01@example.net,2024-04-09,REGULAR
C00735,Sanya Pingle,advikakeer@example.com,2024-04-18,REGULAR
C00736,Hemal Chad,miteshtandon@example.com,2025-02-27,REGULAR
C00737,Ria Ganesh,hemanibhagat@example.net,2024-08-26,REGULAR
C00738,Charles Ganesh,erastogi@example.com,2025-07-21,REGULAR
C00739,Ladli Ramakrishnan,jlala@example.net,2025-05-18,REGULAR
C00740,Bhavya Sen,hmutti@example.net,2023-09-14,REGULAR
C00741,Irya Sankaran,gautami44@example.org,2024-08-12,VIP
C00742,Triya Khurana,zinalnazareth@example.net,2024-04-17,REGULAR
C00743,Advaith Anand,aroranisha@example.org,2025-10-05,PREMIUM
C00744,Sanaya Panchal,bhanumatikrishnamurthy@example.org,2023-09-03,VIP
C00745,George Bhandari,jairajdar@example.org,2026-02-06,REGULAR
C00746,Keya Goyal,gourzehaan@example.com,2025-07-07,REGULAR
C00747,Sudiksha Malhotra,qnaik@example.org,2023-11-04,PREMIUM
C00748,David Raja,dnatarajan@example.com,2024-08-27,REGULAR
C00749,Ridhi Boase,niyer@example.com,2024-04-15,REGULAR
C00750,Ikbal Dhawan,nkamdar@example.net,2023-12-25,VIP
C00751,Aashi Chauhan,boraekavir@example.net,2024-08-05,PREMIUM
C00752,Anirudh Tank,aadibarad@example.net,2025-03-10,REGULAR
C00753,Max Narayan,gaggarwal@example.net,2025-08-13,REGULAR
C00754,Rajata Raval,zachariahupkaar@example.org,2025-03-01,REGULAR
C00755,Jairaj Wason,gauri46@example.org,2026-03-21,REGULAR
C00756,Jasmit Warrior,faris74@example.net,2024-05-23,REGULAR
C00757,Balveer Rajagopalan,chandaniramakrishnan@example.org,2026-03-18,REGULAR
C00758,Vidhi Chad,igupta@example.org,2024-05-07,VIP
C00759,William Suresh,ybhatnagar@example.net,2026-04-07,VIP
C00760,Xalak Walla,cbabu@example.com,2023-10-08,REGULAR
C00761,Brijesh Ravi,kakartara@example.net,2025-10-23,REGULAR
C00762,Viraj Bora,dhaliwalvrinda@example.net,2023-08-11,REGULAR
C00763,Chakradev Kibe,akshaygera@example.net,2023-09-28,REGULAR
C00764,Gunbir Shan,devanshcherian@example.org,2025-08-23,REGULAR
C00765,Dev Jain,znazareth@example.net,2026-05-31,REGULAR
C00766,Ekta Dara,ekantakala@example.org,2026-01-19,PREMIUM
C00767,Gautami Bhatnagar,mahallohit@example.com,2024-03-30,PREMIUM
C00768,Nitesh Sarna,banjeetdeol@example.org,2026-03-21,REGULAR
C00769,Nakul Babu,abuch@example.org,2024-04-16,REGULAR
C00770,Bhanumati Saha,ndate@example.org,2026-04-01,REGULAR
C00771,Shravya Sabharwal,owenbarad@example.net,2024-04-17,PREMIUM
C00772,Gaurang Mitra,omya08@example.org,2024-05-06,REGULAR
C00773,Girish Pathak,ucchaljoshi@example.com,2023-10-03,PREMIUM
C00774,Isaiah Dixit,ltank@example.org,2026-05-19,REGULAR
C00775,Chatura Patla,shaurya64@example.com,2026-02-25,REGULAR
C00776,Caleb Chawla,yogipatrick@example.org,2023-08-27,PREMIUM
C00777,Yutika D’Alia,keersai@example.net,2025-12-29,PREMIUM
C00778,Oni Issac,victor15@example.org,2023-12-12,REGULAR
C00779,Nitara Iyengar,ekannan@example.com,2026-01-06,REGULAR
C00780,Chatura Sarin,taraksha@example.org,2025-03-05,REGULAR
C00781,Laban Shankar,jagratimadan@example.org,2024-12-15,PREMIUM
C00782,Azad Bhasin,laban17@example.com,2025-04-22,REGULAR
C00783,Hemal Kannan,naksh92@example.net,2025-11-17,VIP
C00784,Gabriel Sabharwal,lkalita@example.com,2025-06-30,VIP
C00785,Akshay Sangha,yugnarang@example.com,2025-12-29,REGULAR
C00786,Manthan Ahluwalia,cbasu@example.com,2025-09-03,REGULAR
C00787,Pavani Wali,zsrinivas@example.net,2023-12-12,PREMIUM
C00788,Warhi Khosla,aroraniharika@example.org,2024-02-04,VIP
C00789,Chakrika Khare,babuvarsha@example.net,2024-10-28,PREMIUM
C00790,Tripti Bajwa,xsheth@example.org,2025-04-02,REGULAR
C00791,Kamala Shetty,boballekha@example.net,2024-12-11,REGULAR
C00792,Chaman Sandhu,sarthak19@example.com,2023-10-06,REGULAR
C00793,Charan Choudhry,dpau@example.net,2023-09-14,REGULAR
C00794,Jeevika Gill,jayaramanlakshit@example.com,2024-07-17,REGULAR
C00795,Vanya Kadakia,ekanipandit@example.com,2025-09-02,PREMIUM
C00796,Aradhana Bhagat,pradhanhemani@example.com,2025-08-06,PREMIUM
C00797,Upma Wali,siya95@example.net,2023-10-22,PREMIUM
C00798,Tanvi Chahal,ramanpraneel@example.com,2023-11-09,REGULAR
C00799,Nitesh Majumdar,divanwatika@example.org,2024-05-25,REGULAR
C00800,Chaaya Saha,urvipalan@example.com,2025-06-01,PREMIUM
C00801,Bishakha Gulati,bainsvincent@example.net,2026-04-09,REGULAR
C00802,Nisha Oza,vedika98@example.net,2025-06-03,REGULAR
C00803,Daksha Deo,onveer43@example.com,2025-02-09,VIP
C00804,Champak Divan,bhavani72@example.net,2024-03-18,PREMIUM
C00805,Qabil Gill,neelkhanna@example.org,2023-09-14,REGULAR
C00806,Jonathan Sastry,kala23@example.net,2023-09-04,REGULAR
C00807,Hemangini Divan,saumya82@example.net,2024-10-23,REGULAR
C00808,Aryan Ravel,ddhillon@example.com,2024-03-11,REGULAR
C00809,Yashica Narula,urvi49@example.net,2024-02-26,PREMIUM
C00810,Hamsini Chowdhury,ibaria@example.net,2025-11-14,PREMIUM
C00811,Darika Bakshi,ckannan@example.com,2023-12-03,REGULAR
C00812,Christopher Hayer,arunimahayre@example.org,2023-11-19,REGULAR
C00813,Gagan Vala,fhayer@example.com,2026-02-03,REGULAR
C00814,Jalsa Rao,prishapingle@example.com,2025-02-11,REGULAR
C00815,Bhavani Pai,darika78@example.org,2024-06-12,REGULAR
C00816,Ojasvi Savant,nihal66@example.org,2026-01-10,REGULAR
C00817,Maanas Johal,vaishnavi85@example.org,2026-01-15,PREMIUM
C00818,Gaurang Ahuja,amahajan@example.org,2025-11-22,REGULAR
C00819,Laksh Iyengar,lakshmimann@example.net,2025-08-13,REGULAR
C00820,Chasmum Modi,osheth@example.org,2023-07-16,REGULAR
C00821,Adweta Mital,pdash@example.net,2024-10-01,REGULAR
C00822,Praneel Swamy,ayushdar@example.com,2025-08-16,REGULAR
C00823,Janaki Srivastava,okuruvilla@example.net,2025-07-21,REGULAR
C00824,Kashvi Vala,ladnicholas@example.net,2023-10-11,REGULAR
C00825,Ekaja Shenoy,ishanvigade@example.org,2024-09-08,REGULAR
C00826,Oni Parekh,mannbishakha@example.net,2026-03-31,PREMIUM
C00827,Yoshita Hari,girindraganesh@example.net,2024-11-25,REGULAR
C00828,Charvi Madan,gopal89@example.com,2024-02-21,PREMIUM
C00829,Laksh Vasa,kashish76@example.com,2024-03-22,PREMIUM
C00830,Tejas Dubey,raghavvora@example.net,2025-11-15,PREMIUM
C00831,Omisha Sharma,dadakaran@example.org,2025-07-26,REGULAR
C00832,Devika Patil,riyavirk@example.com,2024-04-05,REGULAR
C00833,Ayush Dani,kabirdhar@example.net,2024-06-28,REGULAR
C00834,Jeremiah Kadakia,farhansandal@example.net,2024-01-02,PREMIUM
C00835,Anirudh Sule,mbasak@example.org,2023-09-01,VIP
C00836,Upasna Dani,caleb14@example.net,2023-07-28,REGULAR
C00837,Jatin Jha,qasimpanchal@example.org,2023-12-01,REGULAR
C00838,Arunima Pall,naveen89@example.org,2025-09-04,REGULAR
C00839,Hardik Atwal,rehaanmanda@example.org,2025-10-24,PREMIUM
C00840,Hardik Kala,speri@example.net,2024-04-25,REGULAR
C00841,Hredhaan Golla,ladli63@example.net,2024-06-30,REGULAR
C00842,Isaiah Murthy,shuklaimaran@example.net,2024-02-09,REGULAR
C00843,Jalsa Mani,butalafalak@example.com,2024-01-08,REGULAR
C00844,Bhanumati Shan,sachi38@example.com,2024-10-06,REGULAR
C00845,Ranbir Boase,lpillai@example.org,2026-05-25,REGULAR
C00846,Henry Randhawa,qvirk@example.net,2023-11-22,VIP
C00847,Luke Rana,vchaudry@example.org,2023-10-21,REGULAR
C00848,Rushil Nigam,netradas@example.org,2025-05-02,PREMIUM
C00849,Arya Mahajan,eparekh@example.net,2026-02-03,PREMIUM
C00850,Vedhika Vaidya,manan71@example.org,2024-08-05,PREMIUM
C00851,Widisha Kashyap,ayushmanchaudhary@example.net,2023-10-03,REGULAR
C00852,Wishi Bala,lavanyanarain@example.org,2024-10-25,REGULAR
C00853,Faraj Venkatesh,mshukla@example.com,2026-05-06,PREMIUM
C00854,Vritti Thaman,hemal88@example.org,2023-08-31,REGULAR
C00855,Jagat Rajagopal,ymurty@example.com,2025-06-26,VIP
C00856,Bachittar Goel,nitesh76@example.org,2024-11-09,PREMIUM
C00857,Vinaya Choudhary,kzacharia@example.com,2025-07-21,PREMIUM
C00858,Yashawini Bhalla,flall@example.net,2025-02-18,REGULAR
C00859,Bhavani Nagi,balachakradev@example.org,2025-02-01,REGULAR
C00860,Avi Om,bchatterjee@example.com,2025-01-18,REGULAR
C00861,Indali Bhalla,yugkeer@example.net,2024-11-08,REGULAR
C00862,Dominic Mody,nazarethomkaar@example.org,2025-10-26,REGULAR
C00863,Baljiwan Sharma,avarmaexample.com,2023-08-13,REGULAR
C00864,Anthony Nadig,uramakrishnan@example.net,2023-12-11,REGULAR
C00865,Harish Jha,watika85@example.org,2026-02-22,VIP
C00866,Januja Sarin,watikaborra@example.net,2024-06-09,PREMIUM
C00867,Alka Batta,neelima39@example.net,2023-12-02,REGULAR
C00868,Gayathri Mahajan,walivaishnavi@example.com,2024-06-02,REGULAR
C00869,Faraj Mittal,rachita85@example.org,2025-04-16,REGULAR
C00870,Zayan Varma,bgole@example.net,2025-09-21,REGULAR
C00871,Xalak Kala,oloyal@example.net,2026-02-21,REGULAR
C00872,Darpan Vig,janyashere@example.org,2024-07-20,PREMIUM
C00873,Charita Saran,enagar@example.net,2024-05-24,REGULAR
C00874,Amara Mangat,aahanakeer@example.com,2024-07-17,REGULAR
C00875,Mason Handa,korpaldayita@example.com,2025-08-05,REGULAR
C00876,Pahal Bansal,nathanielmahajan@example.org,2023-08-27,REGULAR
C00877,Arunima Goda,sunderanmol@example.org,2023-11-20,REGULAR
C00878,Chanchal Bhatt,qpatla@example.net,2023-11-30,REGULAR
C00879,Logan Keer,tellajai@example.net,2026-05-09,REGULAR
C00880,Watika Chana,jasonmunshi@example.com,2026-01-05,VIP
C00881,Warinder Sampath,maanaschhabra@example.org,2024-06-09,REGULAR
C00882,Ria Rege,daksh78@example.com,2024-01-04,REGULAR
C00883,Pallavi Soman,arunimadhillon@example.com,2025-07-20,VIP
C00884,Darika Bail,bhagatwriddhish@example.com,2025-11-17,VIP
C00885,Dayamai Patil,warriorwarjas@example.com,2025-03-07,REGULAR
C00886,Maya Kumer,gautam34@example.org,2024-03-17,PREMIUM
C00887,Edhitha Ray,mahalfaris@example.com,2025-07-13,REGULAR
C00888,Gaurangi Sami,dyaladvika@example.net,2023-10-24,REGULAR
C00889,Osha Narain,wbala@example.org,2026-04-04,REGULAR
C00890,Sachi Deshpande,rattanryan@example.net,2024-10-29,REGULAR
C00891,Fitan Choudhry,zaidvarty@example.net,2026-04-16,REGULAR
C00892,Nirja Nagarajan,vsridhar@example.org,2024-08-20,REGULAR
C00893,Falak Manda,fradosachdeva@example.com,2024-04-20,REGULAR
C00894,Krishna Kapur,bajajveer@example.org,2025-06-30,REGULAR
C00895,Adweta Ganguly,rattanpushti@example.net,2024-08-20,PREMIUM
C00896,Gaurav Pillai,jacobatwal@example.net,2025-10-06,PREMIUM
C00897,Sudiksha Talwar,kapursamar@,2024-08-29,VIP
C00898,Warda Raja,raaginijhaveri@example.net,2024-06-11,VIP
C00899,Ranbir Sahota,nilimadhingra@example.org,2024-10-05,REGULAR
C00900,Warinder Seshadri,kalashanker@example.org,2023-07-29,VIP
C00901,Kiaan Naik,tkala@example.com,2025-04-30,REGULAR
C00902,Elijah Chandran,bengaurangi@example.org,2025-07-13,REGULAR
C00903,Chakradev Ahluwalia,yamini96@example.com,2025-03-17,REGULAR
C00904,Kevin Barman,abhagara@example.net,2025-08-16,VIP
C00905,Upadhriti Deo,nadigrachita@example.org,2024-08-20,REGULAR
C00906,Dhriti Basu,xalakmand@example.net,2025-01-23,REGULAR
C00907,Barkha Lall,zansi56@example.org,2024-11-14,VIP
C00908,Matthew Sarraf,gulatimanthan@example.org,2024-07-04,REGULAR
C00909,Balendra Singhal,nihal76@example.org,2025-08-19,VIP
C00910,Riya Parikh,fshankar@example.org,2024-02-27,PREMIUM
C00911,Ikshita Chander,bhanumatigole@,2025-09-10,REGULAR
C00912,Simon Agrawal,omajabose@example.org,2025-08-24,REGULAR
C00913,Falguni Bal,jairaj65@example.net,2023-12-24,REGULAR
C00914,Mitesh Balakrishnan,sharmavarsha@example.com,2026-03-15,VIP
C00915,Abdul Narayan,sethiekta@example.net,2025-12-13,REGULAR
C00916,Siddharth Bava,ekantika01@example.net,2026-02-02,REGULAR
C00917,George Rastogi,pranav36@example.org,2023-08-13,REGULAR
C00918,Nicholas Rama,pmane@example.net,2024-03-08,REGULAR
C00919,Chanchal Swaminathan,rmukherjee@example.net,2024-02-01,PREMIUM
C00920,Gopal Pillai,vrishtisehgal@example.com,2025-07-22,PREMIUM
C00921,Pallavi Chana,npillay@example.org,2025-05-17,PREMIUM
C00922,Girik Baria,ubika32@example.com,2025-10-09,PREMIUM
C00923,Bina Sidhu,zbuch@example.com,2024-10-21,REGULAR
C00924,Joshua Mital,prishamerchant@example.net,2023-09-25,REGULAR
C00925,Chakradev Varghese,uppalpavani@example.com,2023-12-06,REGULAR
C00926,Zehaan Pant,finn80@example.org,2026-05-05,REGULAR
C00927,Praneel Gopal,fbath@example.com,2024-10-17,PREMIUM
C00928,Suhani Sengupta,harita23@example.org,2023-11-11,REGULAR
C00929,Hitesh Saraf,ahluwaliamegha@example.org,2023-08-02,REGULAR
C00930,Vansha Sharma,tsur@example.net,2026-02-25,REGULAR
C00931,Megha Mittal,dasskrishna@example.org,2024-05-04,REGULAR
C00932,Amol Guha,kadakiavasana@example.net,2024-02-23,REGULAR
C00933,Rajata Yohannan,gabrielmitra@example.com,2024-02-28,PREMIUM
C00934,Pahal Bains,ganesanmichael@example.net,2025-06-03,REGULAR
C00935,Urishilla Bahri,mkibe@example.com,2025-12-13,VIP
C00936,Charan Nath,chauhanrachana@example.com,2025-08-21,REGULAR
C00937,Balhaar Sura,gsunder@example.net,2026-02-16,REGULAR
C00938,Vincent Bhat,samidiya@example.net,2023-10-19,PREMIUM
C00939,Omisha Solanki,talwaridika@example.com,2025-05-20,REGULAR
C00940,Neel Mani,upasnapadmanabhan@example.com,2024-07-07,REGULAR
C00941,Harinakshi Sidhu,chaayaramakrishnan@example.com,2026-05-23,REGULAR
C00942,Urmi Edwin,barkhachadha@example.net,2025-08-01,REGULAR
C00943,Oscar Iyengar,vyanjanachaudhuri@example.com,2025-08-17,PREMIUM
C00944,Wahab Kadakia,badamijagrati@example.com,2025-01-17,REGULAR
C00945,Owen Thakur,bhattgeetika@example.com,2024-01-06,REGULAR
C00946,Jai Kapur,vkuruvilla@example.com,2023-09-23,REGULAR
C00947,Matthew Varma,bediraksha@example.com,2024-01-01,REGULAR
C00948,Harsh Barman,ganeshjacob@example.org,2025-01-24,REGULAR
C00949,Brinda Sathe,jchaudhary@example.net,2025-01-28,REGULAR
C00950,Lakshit Das,revasagar@example.org,2024-07-28,REGULAR
C00951,Harita Mangat,fredericklata@example.com,2025-04-17,REGULAR
C00952,Yatan Doshi,ikari@example.com,2025-04-15,PREMIUM
C00953,Tara Varty,ayushman72@example.org,2025-09-23,REGULAR
C00954,Frado Nigam,neelima26@example.org,2025-03-14,REGULAR
C00955,Matthew Bhardwaj,oni68@example.com,2024-11-11,PREMIUM
C00956,Abhiram Mammen,netrasehgal@example.net,2024-05-26,REGULAR
C00957,Hemani Ravel,charvichad@example.org,2025-10-24,PREMIUM
C00958,Madhavi Date,tanay18@example.net,2024-11-09,REGULAR
C00959,Nathaniel Bajaj,zachariaaarna@example.org,2024-10-27,REGULAR
C00960,Yashasvi Choudhry,pradhanaashi@example.net,2025-09-08,VIP
C00961,Jatin Batta,senchanchal@example.net,2023-07-21,VIP
C00962,Harinakshi Keer,inayamistry@example.com,2026-05-14,REGULAR
C00963,Krishna Venkatesh,henrynarang@example.net,2026-01-02,PREMIUM
C00964,Jalsa Sha,dinpavani@example.com,2023-11-17,REGULAR
C00965,David Sandal,vamakshikala@example.com,2023-11-11,VIP
C00966,Neha Venkataraman,llalla@example.com,2026-03-27,PREMIUM
C00967,Ria Suri,jgaba@example.net,2024-01-26,REGULAR
C00968,Tanvi Dayal,kalatamanna@example.com,2023-09-01,REGULAR
C00969,Kala Dani,hchoudhary@example.com,2025-12-17,REGULAR
C00970,Banjeet Virk,jacobprabhu@example.com,2025-02-13,REGULAR
C00971,Chaitaly Sunder,dharlucky@example.net,2025-04-28,REGULAR
C00972,Dalaja Mander,qadimsuresh@example.org,2024-01-19,REGULAR
C00973,Ekansh Basu,ksrivastavaexample.com,2025-12-07,REGULAR
C00974,Geetika Purohit,wdeo@example.org,2025-09-04,REGULAR
C00975,Shivani Sen,eshanachakraborty@example.net,2026-05-10,PREMIUM
C00976,Lila Kaul,inori@example.org,2026-05-19,REGULAR
C00977,Arunima Chakrabarti,aryanmore@example.net,2026-04-10,VIP
C00978,Frederick Hans,vigranbir@example.com,2025-08-31,REGULAR
C00979,Jai Wali,anirudhmaharaj@example.org,2024-07-28,REGULAR
C00980,Frado Walla,neelima90@example.com,2023-08-18,PREMIUM
C00981,Rajeshri Gole,hbajwaexample.com,2025-02-25,REGULAR
C00982,Gavin Contractor,gangulybhavika@example.org,2024-04-21,REGULAR
C00983,Gaurav Dube,nikita20@example.net,2024-11-29,REGULAR
C00984,Avi Bhardwaj,madhavi15@example.org,2025-04-14,REGULAR
C00985,Aarna Prashad,bensamaksh@example.org,2026-01-25,REGULAR
C00986,Waida Trivedi,rcontractor@example.org,2024-11-18,REGULAR
C00987,Niharika Bhatti,abalakrishnan@example.net,2024-07-10,REGULAR
C00988,Amruta Chaudhuri,jeremiahmodi@example.net,2025-04-04,PREMIUM
C00989,Fiyaz Tella,luckyprakash@example.net,2024-03-30,REGULAR
C00990,Pallavi Seth,agarwalucchal@example.net,2024-10-04,REGULAR
C00991,Aadi Bhasin,mmahajan@example.com,2026-06-03,REGULAR
C00992,Indali Kala,chakradev28@example.net,2023-10-29,REGULAR
C00993,Gaurav Rana,deyati@example.com,2024-06-04,REGULAR
C00994,Hema Lal,pmahajan@example.net,2024-11-23,PREMIUM
C00995,Shivansh Sharaf,amol20@example.net,2025-07-22,REGULAR
C00996,Aditya Ghose,wsuresh@example.com,2025-10-25,REGULAR
C00997,Faras Yohannan,saxenajatin@example.com,2025-02-16,VIP
C00998,Lila Goel,dashturvi@example.com,2024-05-07,PREMIUM
C00999,Aditya Kant,mandishita@example.org,2023-11-29,REGULAR
C01000,Timothy Kaur,cpatil@example.com,2025-08-16,REGULAR
